bloque_1,bloque_2,bloque_3
10033.21303,7717.657157,6174.384447