bloque_1,bloque_2,bloque_3
10233.87729,7872.0103,6297.872136